amero_goidelic = {
	alternate_start = {
		NOR = {
			has_alternate_start_parameter = { key = special_culture value = animal_world }
			has_alternate_start_parameter = { key = special_culture value = alien_world }
			has_alternate_start_parameter = { key = special_culture value = animal_alien_world }
		}
	}
	graphical_cultures = { westerngfx }

	brettonnach = { #Nova Scotian Highland Scots
		graphical_cultures = { celticgfx }
		
		color = { 0.3 0.8 0.6 }		

		male_names = {
			Àdhamh_Adam Ailbeart_Albert Aindrea_Andrew Alan_Alan Alasdair_Alexander Alban_Albanus Alfie_Alfred Alpin Amhlaidh_Olaf Aonghus_Angus Archibald_Archibald Arran Artair_Arthur 
			Bearnard_Bernard Beathan Bhàtair_Walter Blair Boyd_Boyd Brian_Brian Brus_Bruce 
			Cailean_Columbus Calum_Columbus Cameron_Cameron Campbell Caomhainn_Kevin Charles_Charles Cináed_Kenneth Cliamain_Clement Coinneach_Kenneth Còiseam_Constantine Colban_Kolbein Colin_Colin Conall_Conall Cormag_Cormac Craig_Craig
			Dàibhidh_David Dand_Andrew Daniel_Daniel Deòrsa_George Diarmad_Dermid Domhnall_Donald Donnchadh_Duncan Dubhghall_Dugald Dubhghlas_Douglas Duff_Duff Dugald_Dugald 
			Eachann_Hector Eagar_Edgar Ealair_Hilarius Eanraig_Henry Eideard_Edward Eoghan_Eugene Eric_Erik Erskine_Erskine 
			Fearchar_Farquhar Fearghas_Fergus Fife Filib_Phillip Fionnghall_Finn Fionnlagh_Finnlay Forbes Frang_Francis Fraser Freadaraig_Frederick
			Gawain_Gavin Gearald_Gerald Gille-Brìdhde_Gilbride Gille-Chrìost_Gilchrist Gilleasbuig_Gillespie Glenn Goraidh_Godfrey Gordon_Gordon Graham_Graham Grant Gregor_Gregory
			Harailt_Harold Henry_Henry
			Iain_John Iomhar_Ivor Iosag_Isaac Irmhine_Irvine
			Jacob_Jacob James_James John_John Jonathan_Jonathan 
			Keith_Keith Kentigern_Kentigern 
			Labhrann_Lawrence Lachlan_Lachlan Lennox_Lennox Logan_Logan Lucas_Luke Lulach Luthais_Louis 
			Macbeth Malcolm_Malcolm Maldomhen_Maldoven Maldred_Maldred Malmure_Malmure Maoilios_Jesus Marcas_Mark Màrtainn_Martin Matad_Matad Mìcheal_Michael Moray_Murray Morgan_Morgan Muir Mungo_Mungo Murdoch_Murdoch 
			Naomhán Neil_Neil Nicol_Nicholas Ninian_Ninian 
			Oilbhreis_Oliver Oscar_Oscar
			Pàdraig_Patrick Paul_Paul Peter_Peter Pòl_Paul 
			Raibeart_Robert Ramsay_Ramsay Ranald_Reynold Ross_Ross Ruadh_Roy Ruaraidh_Roderick Ruiseart_Richard
			Sachairi_Zachary Samuel_Samuel Seoc_John Seòras_George Seòsaidh_Joseph Seumas_James Scott_Scott Scrooge Sìoltach Simon_Simon Somhairle_Somerled Steafan_Stephen Stuart_Stuart Sweeny_Sweeny 
			Tadhg_Teague Tàmhas_Thomas Thomas_Thomas Tobias_Tobias Torcuil_Torkel Tristan_Tristan 
			Ualan_Valentine Uhtred_Uhtred Uilleam_William Ùisdean_Eysteinn			
		}
		female_names = {
			Ada Adamina Affraic_Euphemia Agnes_Agnes Aileen_Helen Ailith Ailsa Ainslie Alana_Alana Alice_Alice Alison_Alice Amelia_Amelia Ann_Anna Anna_Anna Annabella Annag_Anna Annis_Agnes Arabel Aria Arya Aufrica_Aifirc Amha_Eve
			Barabal_Barbara Barbara_Barbara Beileag_Elizabeth Beitris_Beatrix Beathoc_Beatrix Blair Bride_Bridget Bridget_Bridget
			Cairstine_Christina Catriona_Catherine Cecilia_Cecilia Charlotte_Charlotte Chloe_Chloe Christina_Christina 
			Damhina_Davina Deirdre_Deirdre Deoiridh Derilla_Derilla Dermhorgilla_Dermhorgilla Donalda Donella
			Edith_Edith Edna_Eithne Effie Eilidh_Eleanor Eilionoir_Eleanor Eimhir_Emer Eithne_Eithne Ela_Eleanor Eleanor_Eleanor Ella_Eleanor Ellie_Eleanor Elspeth_Elizabeth Emilia_Emily Emily_Emily Emma_Emma Euna_Una Emha_Eve Emhie_Eve
			Fenella_Finnguala Fingola_Finnguala Fiona Flora_Flora Forflissa Freya
			Galiena Gamhina Glenna Gormelia_Gormflaith Grace_Grace Greer Gruoch 
			Hannah_Hannah Harper Heather Helen_Helen Hilda_Hilda
			Innes_Innes Innis_Innes Iona Isabel_Elizabeth Isla Isobel_Elizabeth 
			Jamesina Jean_Jane Jessica_Jessica Judith_Judith Julia_Julia
			Kate_Catherine Kenna Kentigerna Kirstine_Christina 
			Lachina Lillias_Elizabeth Lily Lorna Lucy_Lucia Lyall
			Malmure_Malmure Mairi_Mary Maisie_Margaret Malina Margaret_Margaret Mariota_Mary Marjory_Marjory Mary_Mary Martha_Martha Marthoc_Marjory Maud_Matilda Maura_Mary Merida Mia Millie Mirren_Murron Mor_Mor Morag_Mor Morna_Morna Moyna_Mona Murdina Muriel_Muriel Murron_Murron 
			Natalie_Natalie Nichole_Nicole Nuala_Finnguala 
			Olimhia_Olivia Orabilia 
			Peigi_Margaret 
			Rhona Rhonda Rodina Ronalda_Ragnhild Ros
			Sansa Saundra_Alexandra Sheena_Jane Shona_Jane Sholto Slaine_Slaine Sophia_Sophia Sophie_Sophia Sorcha_Sorcha 
			Thomasina
			Una_Una
		}
		
		dukes_called_kings = yes
		
		from_dynasty_prefix = "as "
		male_patronym = "Mac"
		female_patronym = "Nic"
		prefix = yes
		feminist = yes
		disinherit_from_blinding = yes

		modifier = default_culture_modifier
		pat_grf_name_chance = 30
		mat_grf_name_chance = 15
		father_name_chance = 5
		
		pat_grm_name_chance = 30
		mat_grm_name_chance = 15
		mother_name_chance = 10
		
		tribal_name = "TRIBAL_NAME_PROV_CLAN"
	}
}
